iteration,max_fitness,time
0,-150.55191,14670.098826646805
