iteration,max_fitness,time
0,-22.405209,8305.10005402565
