iteration,max_fitness,time
0,-31.860552,8393.461176872253
