iteration,max_fitness,time
0,-34.15069,13244.998014211655
