iteration,max_fitness,time
0,105.63413,19842.486573696136
