iteration,max_fitness,time
0,-86.129585,8402.600987911224
