iteration,max_fitness,time
0,-196.99625,13157.692766427994
