iteration,max_fitness,time
0,-31.020065,14683.201610565186
