iteration,max_fitness,time
0,89.14974,19923.99374961853
