iteration,max_fitness,time
0,96.65485,23636.96834921837
