iteration,max_fitness,time
0,87.29927,20198.36184668541
