iteration,max_fitness,time
0,-20.722076,13306.684940576553
