iteration,max_fitness,time
0,86.97464,23800.99179506302
