iteration,max_fitness,time
0,100.69506,23564.495459794998
