iteration,max_fitness,time
0,-32.118248,8293.767045497894
