iteration,max_fitness,time
0,105.34133,24935.822607040405
