iteration,max_fitness,time
0,-105.49256,8446.614951133728
