iteration,max_fitness,time
0,-29.120481,8278.97467660904
