iteration,max_fitness,time
0,98.611145,24597.358813524246
