iteration,max_fitness,time
0,96.83682,18338.741910219193
