iteration,max_fitness,time
0,105.092186,26267.73244214058
