iteration,max_fitness,time
0,-39.967796,8377.252849817276
