iteration,max_fitness,time
0,89.068985,23761.138209819794
