iteration,max_fitness,time
0,-31.78358,14608.210474729538
