iteration,max_fitness,time
0,-27.637573,14565.960818052292
