iteration,max_fitness,time
0,95.65659,26209.824256181717
