iteration,max_fitness,time
0,98.04617,23141.648283720016
