iteration,max_fitness,time
0,-10.102138,8286.697785615921
