iteration,max_fitness,time
0,-20.787529,14514.683113574982
