iteration,max_fitness,time
0,96.56517,20074.472896814346
