iteration,max_fitness,time
0,-15.97791,13224.815784931183
