iteration,max_fitness,time
0,-31.869818,14615.177068948746
