iteration,max_fitness,time
0,-16.637249,8384.39777469635
