iteration,max_fitness,time
0,104.81723,23567.268894672394
