iteration,max_fitness,time
0,94.79142,2321.3706324100494
