iteration,max_fitness,time
0,96.82871,10096.819371938705
