iteration,max_fitness,time
0,-33.035507,1298.4951498508453
