iteration,max_fitness,time
0,-237.39955,4014.088771343231
