iteration,max_fitness,time
0,-47.12403,2029.6388189792633
