iteration,max_fitness,time
0,88.81877,2311.1048698425293
