iteration,max_fitness,time
0,108.08323,2983.2643423080444
