iteration,max_fitness,time
0.0,707.3882,0.0
10.0,3242.5728,161.53111
20.0,3763.4453,148.37996
30.0,3763.4453,147.41908
40.0,3877.8662,150.19919
50.0,3909.4917,149.31248
60.0,4009.371,148.26665
70.0,4224.4766,148.95642
80.0,4224.4766,150.0362
90.0,4426.122,145.19615
100.0,4539.268,148.41193
110.0,5140.5303,149.71732
120.0,5140.5303,147.18994
130.0,5140.5303,149.41808
140.0,5286.93,148.99817
