iteration,max_fitness,time
0,-38.79677,4189.489888906479
