iteration,max_fitness,time
0,95.82089,2553.966682434082
