iteration,max_fitness,time
0,-145.73651,1859.2128555774689
