iteration,max_fitness,time
0,95.59116,10028.444204092026
