iteration,max_fitness,time
0,-114.750656,1253.8448705673218
