iteration,max_fitness,time
0,92.650635,2851.581566810608
