iteration,max_fitness,time
0,101.33771,10122.317833900452
