iteration,max_fitness,time
0,-33.035515,4042.0191588401794
