iteration,max_fitness,time
0,95.60569,2334.085587501526
