iteration,max_fitness,time
0,-172.95065,1847.521485567093
