iteration,max_fitness,time
0,96.410355,2850.2551958560944
