iteration,max_fitness,time
0,993.77826,2442.0375747680664
