iteration,max_fitness,time
0,626.82324,7080.647172927856
