iteration,max_fitness,time
0,96.802505,10046.572835206985
