iteration,max_fitness,time
0,-54.820225,4151.931763648987
