iteration,max_fitness,time
0,-47.12403,4193.634474039078
