iteration,max_fitness,time
0,-54.820225,3952.4471213817596
