iteration,max_fitness,time
0,97.150345,10100.277870178223
