iteration,max_fitness,time
0,87.41635,10089.3886282444
