iteration,max_fitness,time
0,99.26371,2557.421373605728
