iteration,max_fitness,time
0,96.48888,2297.7202019691467
