iteration,max_fitness,time
0,-127.56332,4028.4491772651672
