iteration,max_fitness,time
0,95.878006,10044.68543457985
