iteration,max_fitness,time
0,-43.700592,4013.052295446396
