iteration,max_fitness,time
0,87.84416,3607.4431867599487
