iteration,max_fitness,time
0,-237.39957,1289.4275591373444
