iteration,max_fitness,time
0,98.53442,10101.85278916359
