iteration,max_fitness,time
0,97.47177,10144.09196805954
