iteration,max_fitness,time
0,-43.700592,1278.2767729759216
