iteration,max_fitness,time
0,95.13997,3598.0581245422363
