iteration,max_fitness,time
0,95.40388,10026.000616788864
