iteration,max_fitness,time
0,-37.180214,2083.3624255657196
