iteration,max_fitness,time
0,-132.93039,4083.9700236320496
