iteration,max_fitness,time
0,99.59238,10053.434428453445
