iteration,max_fitness,time
0,96.724045,2561.101459980011
