iteration,max_fitness,time
0,-116.073685,1833.836925983429
