iteration,max_fitness,time
0,93.64591,2296.5721797943115
