iteration,max_fitness,time
0,96.35049,2725.253196001053
