iteration,max_fitness,time
0,87.267136,10175.574424028397
