iteration,max_fitness,time
0,-146.60132,1291.9022750854492
