iteration,max_fitness,time
0,97.44345,10038.553253173828
