iteration,max_fitness,time
0,-38.79677,1848.3539023399353
