iteration,max_fitness,time
0,-52.409126,4146.243506669998
