iteration,max_fitness,time
0,96.59143,10105.945989608765
