iteration,max_fitness,time
0,-54.820225,1309.8655593395233
