iteration,max_fitness,time
0,94.44853,2928.3705995082855
