iteration,max_fitness,time
0,94.38025,10065.78719329834
