iteration,max_fitness,time
0,-47.12403,4020.5686292648315
