iteration,max_fitness,time
0,100.74244,10032.008836984634
