iteration,max_fitness,time
0,-217.09122,4048.8037374019623
