iteration,max_fitness,time
0,94.85869,2851.355852842331
