iteration,max_fitness,time
0,-111.680786,4200.5673661231995
