iteration,max_fitness,time
0,-38.79677,4027.202375650406
