iteration,max_fitness,time
0,-37.37062,4176.718430280685
