iteration,max_fitness,time
0,95.45817,10127.125500917435
