iteration,max_fitness,time
0,86.73071,2918.3368847370148
