iteration,max_fitness,time
0,-47.12403,1289.1643254756927
