iteration,max_fitness,time
0,-237.39957,2019.51131939888
