iteration,max_fitness,time
0,-52.40914,2174.201203107834
