iteration,max_fitness,time
0,-127.56294,1292.4147880077362
