iteration,max_fitness,time
0,100.40512,2740.882221221924
