iteration,max_fitness,time
0,-114.51982,4005.984200000763
