iteration,max_fitness,time
0,96.43954,2479.6482734680176
