iteration,max_fitness,time
0,-38.79677,1276.6227157115936
