iteration,max_fitness,time
0,-54.820225,2164.570709705353
