iteration,max_fitness,time
0,-217.09122,1283.40819978714
