iteration,max_fitness,time
0,106.93562,10003.615511894226
