iteration,max_fitness,time
0,-237.39955,4180.558049917221
