iteration,max_fitness,time
0,97.02356,10044.95267033577
