iteration,max_fitness,time,test_accuracy
0,-0.021202445,0.0,-0.2327497
1,0.3720178,17.970523834228516,[0.39901787]
2,0.3180328,16.805065393447876,[0.39901787]
3,0.35814434,15.773740530014038,[0.39901787]
4,0.41030604,15.594046831130981,[0.40574843]
5,0.33067268,17.069747924804688,[0.39918178]
6,0.40158707,18.125815629959106,[0.4039843]
7,0.33468437,19.93448519706726,[0.4038245]
8,0.40657556,18.83639907836914,[0.47742093]
9,0.47015458,21.65029740333557,[0.52835935]
10,0.4363885,19.262310028076172,[0.5350834]
11,0.43348193,17.950360536575317,[0.5291776]
12,0.43463624,19.856817960739136,[0.5272382]
13,0.48576486,19.964330434799194,[0.5304988]
14,0.49047107,20.56065034866333,[0.531616]
15,0.4947638,21.12882661819458,[0.53405344]
16,0.5154612,21.18592882156372,[0.5304988]
17,0.5231026,20.70616912841797,[0.5342506]
18,0.44845098,20.683678150177002,[0.53325]
19,0.43251145,20.85787320137024,[0.5338307]
20,0.47861415,20.1267032623291,[0.53404117]
21,0.462964,18.104696035385132,[0.52846456]
22,0.4787094,18.26813006401062,[0.53163624]
23,0.4736575,18.093557357788086,[0.5304988]
24,0.481798,20.63778853416443,[0.5313991]
25,0.5102563,20.889960289001465,[0.53511155]
26,0.5021439,20.689055919647217,[0.5448333]
27,0.48399627,21.383124351501465,[0.5468736]
28,0.52135396,21.16519808769226,[0.56264985]
29,0.53783673,21.253598928451538,[0.56264985]
30,0.51214385,20.938916444778442,[0.56029284]
31,0.5385023,20.922871112823486,[0.5631454]
32,0.5031867,20.99999713897705,[0.56324196]
33,0.53691256,20.597975492477417,[0.56324196]
