iteration,max_fitness,time,test_accuracy
0,-0.14446461,0.0,-1.3320556
1,0.31018502,24.230336904525757,[-0.45249856]
2,0.31018502,24.171787977218628,[-0.45249856]
3,0.31018502,24.378512859344482,[-0.45249856]
4,0.31018502,22.816553354263306,[-0.45249856]
5,0.31018502,22.62410593032837,[-0.45249856]
