iteration,max_fitness,time,test_accuracy
0,-0.0006221533,0.0,-0.007395506
1,-0.000109910965,15.759039163589478,[-0.00339639]
2,-0.000109910965,605.1056003570557,[-0.00339639]
3,0.3075109,290.22087955474854,[0.32427597]
4,0.3075109,939.4645280838013,[0.32427597]
