iteration,time,max_fitness,test_accuracy,previous_max_fitness,previous_test_accuracy,equation
0,107.06013584136963,0.90547025,0.7751521,0.8990011,0.82510555,o0 = <lambda>((1.01*(1.01*(1.01*(1.38*log(0.82*cos(1.00*(1.00*0.1+1.00*(1.00*i3/1.00*i5))))+0.98*(1.00*i2/1.00*exp(1.00*i4)))*1.01*id(1.01*(0.87*0.1+1.01*abs(1.00*(1.00*(1.00*i5-1.00*(1.00*0.1+1.00*(1.00*i3/1.00*i5)))-1.00*(1.00*exp(1.00*i4)-1.00*(1.00*(1.00*i5-1.00*(1.00*0.1+1.00*(1.00*i3/1.00*i5)))-1.00*1.0)))))))+1.58*(1.45*log(0.82*cos(1.00*(1.00*0.1+1.00*(1.00*i3/1.00*i5))))-1.65*cos(1.00*(1.00*0.1+1.00*(1.00*i3/1.00*i5)))))+1.00*(1.00*(1.00*(1.00*i4+1.00*0.1)*1.00*exp(1.00*(1.00*i4+1.00*0.1)))*1.00*cos(1.00*abs(1.00*(1.00*(1.00*i5-1.00*(1.00*0.1+1.00*(1.00*i3/1.00*i5)))-1.00*(1.00*exp(1.00*i4)-1.00*(1.00*(1.00*i5-1.00*(1.00*0.1+1.00*(1.00*i3/1.00*i5)))-1.00*1.0))))))))
