iteration,time,max_fitness,test_accuracy,previous_max_fitness,previous_test_accuracy,equation
0,153.00981402397156,0.6496367,0.65374804,0.5113909,0.5361313,o0 = <lambda>((1.04*(1.06*(0.98*(0.88*i16+1.24*(1.24*i7*1.24*i9))-1.09*i13)+1.02*i5)+1.16*(1.01*(1.01*exp(1.01*1.0)*1.01*i5)-1.75*sqrt(1.75*(1.42*(0.98*(0.88*i16+1.24*(1.24*i7*1.24*i9))-1.09*i13)+1.78*(1.07*i8-1.27*(0.97*i14-1.61*(1.57*(0.98*(0.88*i16+1.24*(1.24*i7*1.24*i9))-1.09*i13)+1.63*(1.00*exp(1.01*1.0)/1.63*(0.98*(0.88*i16+1.24*(1.24*i7*1.24*i9))-1.09*i13))))))))))
