iteration,time,max_fitness,test_accuracy,previous_max_fitness,previous_test_accuracy,equation
0,128.91023993492126,0.9652718,0.9488207,0.9338511,0.94717675,o0 = <lambda>((1.00*(1.00*exp(1.05*(1.05*0.1*1.05*log(1.02*(1.25*(0.98*0.1*0.98*0.1)+1.01*i0))))*1.00*sqrt(1.00*log(0.97*(1.00*(1.00*exp(1.00*(1.05*0.1*1.05*log(1.02*(1.25*(0.98*0.1*0.98*0.1)+1.01*i0))))/1.00*log(1.00*exp(1.00*(1.05*0.1*1.05*log(1.02*(1.25*(0.98*0.1*0.98*0.1)+1.01*i0))))))/0.97*(0.87*(0.98*0.1*0.98*0.1)+1.02*(1.02*(1.03*log(1.02*(1.25*(0.98*0.1*0.98*0.1)+1.01*i0))+0.97*0.1)*1.02*(1.02*(1.02*0.1*1.02*log(1.02*(1.25*(0.98*0.1*0.98*0.1)+1.01*i0)))*1.02*sin(1.01*i0))))))))-0.75*pow(1.07*id(1.07*abs(1.07*(0.98*0.1*0.98*0.1))))))
