iteration,time,max_fitness,test_accuracy,previous_max_fitness,previous_test_accuracy,equation
0,108.10315775871277,0.6164944,0.67098486,0.5305356,0.5824665,o0 = <lambda>((1.10*(1.07*(1.07*(1.06*(1.02*(1.06*(0.76*i17-1.21*i0)+1.01*abs(0.99*i5))-1.49*log(1.03*(0.88*(1.00*i19/0.88*abs(0.99*i5))-1.13*i1)))+1.06*(0.76*i17-1.21*i0))+1.07*(1.06*(1.02*(1.06*(0.76*i17-1.21*i0)+1.01*abs(0.99*i5))-1.49*log(1.03*(0.88*(1.00*i19/0.88*abs(0.99*i5))-1.13*i1)))+1.06*(0.76*i17-1.21*i0)))+1.27*id(1.27*i9))+1.10*(1.07*(1.07*(1.06*(1.02*(1.06*(0.76*i17-1.21*i0)+1.01*abs(0.99*i5))-1.49*log(1.03*(0.88*(1.00*i19/0.88*abs(0.99*i5))-1.13*i1)))+1.06*(0.76*i17-1.21*i0))+1.07*(1.06*(1.02*(1.06*(0.76*i17-1.21*i0)+1.01*abs(0.99*i5))-1.49*log(1.03*(0.88*(1.00*i19/0.88*abs(0.99*i5))-1.13*i1)))+1.06*(0.76*i17-1.21*i0)))+1.27*id(1.27*i9))))
