iteration,time,max_fitness,test_accuracy,previous_max_fitness,previous_test_accuracy,equation
0,1963.3518204689026,0.72764814,0.75372756,-122048.49,-150926.95,o0 = <lambda>((0.87*(0.95*(-0.20*(-0.28*i1-0.72*i0)+0.29*(0.27*(0.50*(0.85*(0.17*i5+0.74*i5)-1.63*i0)-0.33*log(-0.02*i21))-0.39*i8))+0.55*(0.50*(0.85*(0.17*i5+0.74*i5)-1.63*i0)-0.33*log(-0.02*i21)))+-0.37*(0.95*(-0.20*(-0.28*i1-0.72*i0)+0.29*(0.27*(0.50*(0.85*(0.17*i5+0.74*i5)-1.63*i0)-0.33*log(-0.02*i21))-0.39*i8))+0.55*(0.50*(0.85*(0.17*i5+0.74*i5)-1.63*i0)-0.33*log(-0.02*i21)))))
