iteration,time,max_fitness,test_accuracy,previous_max_fitness,previous_test_accuracy,equation
0,121.66936230659485,0.58089995,0.60223585,0.55250216,0.58213186,o0 = <lambda>((1.12*(1.42*log(0.74*(0.74*(0.74*(0.74*i10*0.74*cos(1.00*i24))*0.74*log(1.00*cos(1.00*i12)))*0.74*log(1.00*cos(1.00*i12))))+1.08*(1.00*(1.00*(0.96*(0.96*(1.00*i5/0.96*i5)+0.96*(1.00*i5/0.96*i5))-1.26*(1.00*i21*1.00*0.1))+1.00*(0.96*(0.96*(1.00*i5/0.96*i5)+0.96*(1.00*i5/0.96*i5))-1.26*(1.00*i21*1.00*0.1)))-1.43*i0))+1.05*(1.04*(1.04*i9*1.04*(1.16*sqrt(1.16*i1)+0.94*i24))-1.21*log(1.00*cos(1.00*i12)))))
