iteration,time,max_fitness,test_accuracy,previous_max_fitness,previous_test_accuracy,equation
0,536.3653240203857,0.57868505,0.58398235,-120570.555,-147517.38,o0 = <lambda>((3.25*(0.08*i9+4.13*-0.4150293)-0.19*(0.65*sqrt(0.65*(-1.04*(0.42*i5+-0.95*i1)-0.66*i21))-0.38*(0.18*(0.18*(0.18*0.18672204+0.18*0.18672204)*0.18*(-1.04*(0.42*i5+-0.95*i1)-0.66*i21))+0.61*(0.61*(0.61*i5+0.61*i5)+0.61*(0.61*i5+0.61*i5))))))
