iteration,time,max_fitness,test_accuracy
5000,1319.9945871829987,0.51539224,0.41297007
