iteration,time,max_fitness,test_accuracy
5000,1513.4275479316711,0.5253992,0.36802393
