iteration,time,max_fitness,test_accuracy
5000,24.223487377166748,-1.0484738,-1.1633668
