iteration,time,max_fitness,test_accuracy
5000,1146.434403181076,0.51882666,0.38744313
