iteration,time,max_fitness,test_accuracy
5000,2.1217257976531982,0.49167114,0.32937807
