iteration,time,max_fitness,test_accuracy
5000,1408.8887591362,0.49394667,0.37954605
