iteration,time,max_fitness,test_accuracy
5000,218.78674864768982,0.54795575,0.38714945
