iteration,time,max_fitness,test_accuracy
5000,380.82590985298157,0.5231217,0.25324327
