iteration,time,max_fitness,test_accuracy
5000,3.1807923316955566,0.49035293,0.3459319
