iteration,time,max_fitness,test_accuracy
5000,366.6614534854889,0.5162791,0.3807065
