iteration,time,max_fitness,test_accuracy
5000,79.78927278518677,-1.0484738,-1.1633668
