iteration,time,max_fitness,test_accuracy
5000,372.83187317848206,0.5329004,0.3659501
