iteration,time,max_fitness,test_accuracy
5000,232.26861333847046,0.54112995,0.39512348
