iteration,time,max_fitness,test_accuracy
5000,435.25045347213745,0.5322162,0.25810832
