iteration,time,max_fitness,test_accuracy
5000,2.9001951217651367,-1.5039353,-1.8672998
