iteration,time,max_fitness,test_accuracy
5000,1338.2213888168335,0.48338157,0.34788722
