iteration,time,max_fitness,test_accuracy
5000,375.4708387851715,0.5377792,0.42666918
