iteration,time,max_fitness,test_accuracy
5000,1061.3298814296722,0.52724904,0.47470367
