iteration,time,max_fitness,test_accuracy
5000,3.2556283473968506,-1.0484738,-1.1633668
