iteration,time,max_fitness,test_accuracy
5000,47.157790660858154,0.49035293,0.3459319
