iteration,time,max_fitness,test_accuracy
5000,23.919605255126953,0.51472795,0.47976637
