iteration,time,max_fitness,test_accuracy
5000,366.11601853370667,0.54793346,0.38894552
