iteration,time,max_fitness,test_accuracy
5000,2672.232432126999,0.52670705,0.47356522
