iteration,time,max_fitness,test_accuracy
5000,2.029452085494995,0.5135219,0.48207068
