iteration,time,max_fitness,test_accuracy
5000,1187.909609079361,0.5424577,0.40561378
