iteration,time,max_fitness,test_accuracy
5000,1329.9783790111542,0.5147312,0.4168719
