iteration,time,max_fitness,test_accuracy
5000,429.427841424942,0.5412509,0.39792597
