iteration,time,max_fitness,test_accuracy
5000,25.221400022506714,0.33221078,0.31065106
