iteration,time,max_fitness,test_accuracy
5000,1082.321283340454,0.5367775,0.38590676
