iteration,time,max_fitness,test_accuracy
5000,428.9390389919281,0.5476376,0.3869573
