iteration,time,max_fitness,test_accuracy
5000,1037.5280113220215,0.5485836,0.39079797
