iteration,time,max_fitness,test_accuracy
5000,77.01149106025696,0.49035293,0.3459319
