iteration,time,max_fitness,test_accuracy
5000,449.6055643558502,0.5356575,0.2693988
