iteration,time,max_fitness,test_accuracy
5000,193.84292769432068,0.52544165,0.46621293
