iteration,time,max_fitness,test_accuracy
5000,24.193804025650024,0.490353,0.34593195
