iteration,time,max_fitness,test_accuracy
5000,446.7250337600708,0.5129925,0.343302
