iteration,time,max_fitness,test_accuracy
5000,46.013408184051514,-1.0484738,-1.1633668
