iteration,time,max_fitness,test_accuracy
5000,76.25309014320374,0.52678406,0.3594123
