iteration,time,max_fitness,test_accuracy
5000,1422.984031677246,0.5164639,0.25056309
