iteration,time,max_fitness,test_accuracy
5000,3561.76864695549,0.53294516,0.27244508
