iteration,time,max_fitness,test_accuracy
5000,72.60493779182434,0.51472795,0.47976637
