iteration,time,max_fitness,test_accuracy
5000,47.076387882232666,0.51472795,0.47976637
