iteration,time,max_fitness,test_accuracy
5000,430.189492225647,0.54759955,0.45261306
