iteration,time,max_fitness,test_accuracy
5000,228.3576545715332,0.5317496,0.35908026
