iteration,time,max_fitness,test_accuracy
5000,207.25956535339355,0.5162791,0.3807065
