iteration,time,max_fitness,test_accuracy
5000,229.01519227027893,0.5011648,0.3684374
