iteration,time,max_fitness,test_accuracy
5000,3363.3866345882416,0.5339714,0.26731086
