iteration,time,max_fitness,test_accuracy
5000,1073.606458902359,0.4942119,0.35255128
