iteration,time,max_fitness,test_accuracy
5000,361.96007204055786,0.54113483,0.40145487
