iteration,time,max_fitness,test_accuracy
5000,2.585207939147949,0.33221084,0.31065106
