iteration,time,max_fitness,test_accuracy
5000,43.83291268348694,0.52678406,0.3594123
