iteration,time,max_fitness,test_accuracy
5000,440.8769314289093,0.4950652,0.3935948
