iteration,time,max_fitness,test_accuracy
5000,382.44419503211975,0.53174955,0.35908002
