iteration,time,max_fitness,test_accuracy
5000,1448.4836163520813,0.52682793,0.25530446
