iteration,time,max_fitness,test_accuracy
5000,2682.37735748291,0.51022744,0.32236683
