iteration,time,max_fitness,test_accuracy
5000,2.7678916454315186,0.52678406,0.3594123
