iteration,time,max_fitness,test_accuracy
5000,2706.8278810977936,0.52638847,0.344046
