iteration,time,max_fitness,test_accuracy
5000,81.48783469200134,0.33221084,0.31065106
