iteration,time,max_fitness,test_accuracy
5000,2.176675319671631,0.5313468,0.37039572
