iteration,time,max_fitness,test_accuracy
5000,2701.444751262665,0.5223565,0.38374382
