iteration,time,max_fitness,test_accuracy
5000,2.035904884338379,0.3332318,0.31076717
