iteration,time,max_fitness,test_accuracy
5000,46.59175705909729,0.33221084,0.31065106
