iteration,time,max_fitness,test_accuracy
5000,437.16475796699524,0.5354929,0.4814356
