iteration,time,max_fitness,test_accuracy
5000,205.15988063812256,0.522118,0.27181226
