iteration,time,max_fitness,test_accuracy
5000,190.91919207572937,0.53836584,0.42581302
