iteration,time,max_fitness,test_accuracy
5000,363.31253933906555,0.52620703,0.45880693
