iteration,time,max_fitness,test_accuracy
5000,445.3686602115631,0.5190271,0.3683684
