iteration,time,max_fitness,test_accuracy
5000,355.6931676864624,0.501171,0.36844546
