iteration,time,max_fitness,test_accuracy
5000,359.7323851585388,0.522118,0.27181238
