iteration,time,max_fitness,test_accuracy
5000,441.95119047164917,0.5284022,0.3752836
