iteration,time,max_fitness,test_accuracy
5000,206.26099038124084,0.523875,0.26351857
