iteration,time,max_fitness,test_accuracy
5000,189.375497341156,0.53290045,0.36595005
