iteration,time,max_fitness,test_accuracy
5000,26.225146293640137,0.52678406,0.3594123
