iteration,time,max_fitness,test_accuracy,previous_max_fitness,previous_test_accuracy,equation
0,3571.819582462311,0.9485017,0.94971865,0.936261,0.9380729,o0 = <lambda>((0.97*(1.04*cos(1.06*log(1.02*i0))*1.07*(0.87*exp(0.96*1.0)-1.00*(1.02*(1.01*(0.99*-0.49316025*0.98*sin(1.04*log(1.02*i0)))*1.03*exp(0.96*1.0))*1.03*(1.05*cos(0.99*(1.04*(1.00*i1-0.99*-0.11019611)+1.01*-0.49316025))*1.08*abs(1.08*cos(1.06*log(1.02*i0)))))))*1.01*(1.05*cos(0.99*(1.04*(1.00*i1-0.99*-0.11019611)+1.01*-0.49316025))*1.08*abs(1.08*cos(1.06*log(1.02*i0))))))
