iteration,time,max_fitness,test_accuracy,previous_max_fitness,previous_test_accuracy,equation
0,636.5766544342041,0.94953704,0.95011073,0.9362495,0.936523,o0 = <lambda>((1.00*(1.00*(0.98*(0.98*sin(0.99*(0.73*i0+1.43*sqrt(1.44*0.4788661)))*0.98*(1.01*sin(0.99*(0.73*i0+1.43*sqrt(1.44*0.4788661)))*1.01*(1.02*abs(1.02*(1.02*i1-1.00*1.0))-0.99*1.0)))-1.03*(1.02*abs(1.02*(1.02*i1-1.00*1.0))-0.99*1.0))*1.00*(0.82*sin(0.82*(0.82*0.4788661+0.82*sqrt(1.44*0.4788661)))-1.32*(1.01*sin(0.99*(0.73*i0+1.43*sqrt(1.44*0.4788661)))*1.01*(1.02*abs(1.02*(1.02*i1-1.00*1.0))-0.99*1.0))))-0.98*(0.98*exp(1.17*sin(0.99*(0.73*i0+1.43*sqrt(1.44*0.4788661))))*0.98*(1.01*sin(0.99*(0.73*i0+1.43*sqrt(1.44*0.4788661)))*1.01*(1.02*abs(1.02*(1.02*i1-1.00*1.0))-0.99*1.0)))))
