iteration,time,max_fitness,test_accuracy,previous_max_fitness,previous_test_accuracy,equation
0,2668.9686329364777,0.97323126,0.97312164,0.97017896,0.96994984,o0 = <lambda>(0.94*(0.89*(1.12*(0.98*(0.4881034*1.09*(1.0+i0))+0.90*(0.89*sin(i2)*0.4881034))*0.97*(0.89*(1.00*log(0.98*(0.4881034*1.09*(1.0+i0)))*1.00*log(0.98*(0.4881034*1.09*(1.0+i0))))-i1))+1.01*exp(0.98*(-0.014274836*0.88*(1.09*(1.0+i0)-i2)))))
