iteration,time,max_fitness,test_accuracy,previous_max_fitness,previous_test_accuracy,equation
0,646.9089639186859,0.9845959,0.9845644,0.92947793,0.9297925,o0 = <lambda>(1.38*(1.40*cos(1.02*(0.78*(-0.7458246/0.78*(1.40*(i0+-0.8877337)*1.40*(i0+-0.8877337)))/0.75*log(1.74*(1.49*exp(i1)+1.46*(0.78*(-0.7458246/0.78*(1.40*(i0+-0.8877337)*1.40*(i0+-0.8877337)))-1.54*sin(i0))))))+1.13*cos(0.77*(0.75*log(1.74*(1.49*exp(i1)+1.46*(0.78*(-0.7458246/0.78*(1.40*(i0+-0.8877337)*1.40*(i0+-0.8877337)))-1.54*sin(i0))))-1.40*(i0+-0.8877337)))))
