iteration,time,max_fitness,test_accuracy,previous_max_fitness,previous_test_accuracy,equation
0,2646.7683787345886,0.94798565,0.9484864,0.9362495,0.936523,o0 = <lambda>(0.95*(1.00*(1.05*(0.72*(1.10*sin(0.94*(i0+1.05*sqrt(0.4788661)))*0.93*(1.10*sin(0.94*(i0+1.05*sqrt(0.4788661)))*1.21*(1.00*(0.99*(i1-1.0)+0.1)-1.0)))-1.21*(1.00*(0.99*(i1-1.0)+0.1)-1.0))*0.92*(0.67*sin(1.07*(0.4788661+1.05*sqrt(0.4788661)))-0.93*(1.10*sin(0.94*(i0+1.05*sqrt(0.4788661)))*1.21*(1.00*(0.99*(i1-1.0)+0.1)-1.0))))-0.91*(0.87*exp(1.10*sin(0.94*(i0+1.05*sqrt(0.4788661))))*0.93*(1.10*sin(0.94*(i0+1.05*sqrt(0.4788661)))*1.21*(1.00*(0.99*(i1-1.0)+0.1)-1.0)))))
