iteration,time,max_fitness,test_accuracy,previous_max_fitness,previous_test_accuracy,equation
0,106.227121591568,0.95491356,0.94694924,0.93892884,0.92452395,o0 = <lambda>((1.03*(1.06*(1.06*log(1.00*pow(1.00*(1.00*i0-1.00*1.0)))*1.06*(1.06*id(1.00*sin(1.00*(1.00*(1.00*i0-1.00*1.0)-1.00*1.0)))*1.06*log(1.02*(1.11*(1.30*i0+0.85*(1.00*(1.00*(1.00*i0-1.00*1.0)-1.00*1.0)*1.00*pow(1.00*(1.00*i0-1.00*1.0))))+0.92*(0.60*i1+1.11*(1.30*i0+0.85*(1.00*(1.00*(1.00*i0-1.00*1.0)-1.00*1.0)*1.00*pow(1.00*(1.00*i0-1.00*1.0)))))))))+1.01*(1.01*sqrt(1.01*(1.11*(1.30*i0+0.85*(1.00*(1.00*(1.00*i0-1.00*1.0)-1.00*1.0)*1.00*pow(1.00*(1.00*i0-1.00*1.0))))+0.92*(0.60*i1+1.11*(1.30*i0+0.85*(1.00*(1.00*(1.00*i0-1.00*1.0)-1.00*1.0)*1.00*pow(1.00*(1.00*i0-1.00*1.0)))))))+1.01*sqrt(1.01*(1.11*(1.30*i0+0.85*(1.00*(1.00*(1.00*i0-1.00*1.0)-1.00*1.0)*1.00*pow(1.00*(1.00*i0-1.00*1.0))))+0.92*(0.60*i1+1.11*(1.30*i0+0.85*(1.00*(1.00*(1.00*i0-1.00*1.0)-1.00*1.0)*1.00*pow(1.00*(1.00*i0-1.00*1.0)))))))))-1.33*pow(1.00*(1.00*i0-1.00*1.0))))
