iteration,time,max_fitness,test_accuracy,previous_max_fitness,previous_test_accuracy,equation
0,660.2385349273682,0.83796656,0.840192,0.8404713,0.84285414,o0 = <lambda>((1.01*(1.01*(1.01*abs(1.01*(1.01*(1.01*-0.24634838*1.01*i0)*1.01*i4))*1.01*(1.01*i3-1.01*i2))*1.01*log(0.99*(0.97*(1.43*0.1+0.95*i1)+1.43*0.1)))*1.01*-0.18863773))
