iteration,time,max_fitness,test_accuracy,previous_max_fitness,previous_test_accuracy,equation
0,3587.0992617607117,0.9732825,0.97317296,0.97017896,0.96994984,o0 = <lambda>((1.00*(0.95*(1.02*(1.01*0.4881034*0.98*(1.02*1.0+1.04*i0))+0.95*(0.97*sin(0.96*i2)*0.93*0.4881034))*0.98*(0.97*(1.00*log(1.01*(1.01*0.4881034*0.98*(1.02*1.0+1.04*i0)))*0.96*log(1.01*(1.01*0.4881034*0.98*(1.02*1.0+1.04*i0))))-0.99*i1))+1.01*exp(1.02*(1.03*-0.014274836*0.97*(1.05*(1.02*1.0+1.04*i0)-0.97*i2)))))
