iteration,time,max_fitness,test_accuracy,previous_max_fitness,previous_test_accuracy,equation
0,2667.235077857971,0.9842304,0.98415524,0.92947793,0.9297925,o0 = <lambda>(1.42*(1.53*cos(1.20*(1.59*(-0.7458246/0.62*(1.21*(i0+-0.8877337)*1.21*(i0+-0.8877337)))/0.63*log(1.45*(1.82*exp(i1)+1.45*(1.59*(-0.7458246/0.62*(1.21*(i0+-0.8877337)*1.21*(i0+-0.8877337)))-1.56*sin(i0))))))+1.25*cos(0.65*abs(1.27*(0.63*log(1.45*(1.82*exp(i1)+1.45*(1.59*(-0.7458246/0.62*(1.21*(i0+-0.8877337)*1.21*(i0+-0.8877337)))-1.56*sin(i0))))-1.21*(i0+-0.8877337))))))
