iteration,time,max_fitness,test_accuracy,previous_max_fitness,previous_test_accuracy,equation
0,345.61170268058777,0.5217495,-0.034954667,0.017394423,0.013848186,o0 = <lambda>(3.12*(3.12*(0.96*(0.96*exp(0.98*cos(0.1))-0.1)-3.75*sqrt(3.75*(3.35*(-0.73031545/0.034172773)*i0)))*3.35*(-0.73031545/0.034172773)))
