iteration,time,max_fitness,test_accuracy,previous_max_fitness,previous_test_accuracy,equation
0,3535.913416624069,0.8406772,0.84299743,0.8404713,0.84285414,o0 = <lambda>((1.00*(1.03*(1.00*abs(0.99*abs(1.03*(0.99*(1.02*-0.24634838*0.99*i0)*0.98*i4)))*1.01*(0.99*i3-0.99*i2))*1.01*log(1.00*(0.98*(0.99*0.1+0.98*i1)+1.00*0.1)))*1.02*-0.18863773))
