iteration,time,max_fitness,test_accuracy,previous_max_fitness,previous_test_accuracy,equation
0,987.9481987953186,0.96866083,0.96758646,0.96904635,0.96813637,o0 = <lambda>((-2.26*(-0.85*0.8087859--1.22*i1)--1.20*(1.12*1.0*1.30*(1.56*(-0.97*log(0.35*i0)*1.55*0.9655633)-1.21*(1.06*cos(1.72*log(0.35*i0))*1.09*log(0.35*(-0.49*log(-0.15*(-0.85*0.8087859--1.22*i1))+-0.30*(0.39*i0+0.65*log(-0.15*(-0.85*0.8087859--1.22*i1))))))))))
