iteration,max_fitness,test_accuracy,time
0.0,0.04316348,0.037427545,0.0
1,0.017251015,0.037427545,24.256617069244385
2,0.052129388,0.037427545,24.047682285308838
3,0.024481237,0.037427545,26.46809983253479
4,0.05311054,0.037427545,26.460143327713013
5,0.031227648,0.037427545,24.246562719345093
