iteration,time,max_fitness,test_accuracy,previous_max_fitness,previous_test_accuracy,equation
0,643.3251841068268,0.9748451,0.97464895,0.97017896,0.96994984,o0 = <lambda>((1.00*(1.00*(1.02*(1.01*0.4881034*1.01*(1.18*1.0+0.96*i0))+0.74*(0.74*sin(1.35*i2)*0.74*0.4881034))*1.00*(1.01*(1.01*log(1.00*(1.01*0.4881034*1.01*(1.18*1.0+0.96*i0)))*1.01*log(1.00*(1.01*0.4881034*1.01*(1.18*1.0+0.96*i0))))-1.00*i1))+0.78*exp(1.79*(1.79*-0.014274836*1.79*(0.75*(1.18*1.0+0.96*i0)-1.70*i2)))))
