iteration,time,max_fitness,test_accuracy,previous_max_fitness,previous_test_accuracy,equation
0,639.0943124294281,0.9487504,0.9499535,0.936261,0.9380729,o0 = <lambda>((1.02*(1.02*cos(1.10*log(0.98*i0))*1.02*(1.01*exp(1.01*1.0)-1.02*(1.02*(1.02*(1.02*-0.49316025*1.02*sin(1.77*log(0.98*i0)))*1.02*exp(1.01*1.0))*1.02*(1.02*cos(0.98*(1.01*(1.01*i1-1.10*-0.11019611)+0.89*-0.49316025))*1.02*abs(1.02*cos(1.10*log(0.98*i0)))))))*1.02*(1.02*cos(0.98*(1.01*(1.01*i1-1.10*-0.11019611)+0.89*-0.49316025))*1.02*abs(1.02*cos(1.10*log(0.98*i0))))))
