iteration,time,max_fitness,test_accuracy,previous_max_fitness,previous_test_accuracy,equation
0,643.4599800109863,0.97378457,0.9736457,0.97017896,0.96994984,o0 = <lambda>(1.03*(0.98*(0.98*(1.01*(0.4881034*0.99*(1.0+i0))+0.69*(0.69*sin(i2)*0.4881034))*0.98*(1.01*(1.01*log(1.01*(0.4881034*0.99*(1.0+i0)))*1.01*log(1.01*(0.4881034*0.99*(1.0+i0))))-i1))+1.09*exp(2.16*(-0.014274836*2.16*(0.99*(1.0+i0)-i2)))))
