iteration,time,max_fitness,test_accuracy,previous_max_fitness,previous_test_accuracy,equation
0,2523.4893815517426,0.9754203,0.9754016,0.9728296,0.97278917,o0 = <lambda>((((0.74763083+sqrt(0.9966772))+((-0.012583664*0.9966772)/cos((i0--0.012583664))))-((((0.13656993-((i0--0.012583664)*cos((i0--0.012583664))))+(i0--0.012583664))/((-0.012583664*0.9966772)-i1))*((((0.13656993-((i0--0.012583664)*cos((i0--0.012583664))))+(i0--0.012583664))/((-0.012583664*0.9966772)-i1))+abs((log(((0.13656993-i2)+0.13656993))*cos(i1)))))))
