iteration,max_fitness,test_accuracy,time
0.0,0.13962811,0.10861343,0.0
1,-0.005155802,0.10861343,24.657649993896484
2,0.14316195,0.14888531,22.620241403579712
3,0.15281749,0.14888531,25.723531007766724
4,0.13595349,0.14888531,25.854318380355835
5,0.16663373,0.14888531,23.438222408294678
