iteration,time,max_fitness,test_accuracy,previous_max_fitness,previous_test_accuracy,equation
0,1717.1814358234406,0.5167433,-0.09579587,0.017394423,0.013848186,o0 = <lambda>((3.38*(2.99*(1.08*exp(-0.37*cos(0.25*0.1))-0.84*0.1)-2.73*sqrt(1.32*(2.93*(-0.16*-0.73031545/3.72*0.034172773)*1.21*i0)))*3.20*(-0.16*-0.73031545/3.72*0.034172773)))
