iteration,time,max_fitness,test_accuracy,previous_max_fitness,previous_test_accuracy,equation
0,639.572717666626,0.97237176,0.972156,0.97017896,0.96994984,o0 = <lambda>(((((0.4513931*(1.365174+i0))+(sin(i2)*0.4513931))*((log((0.4513931*(1.365174+i0)))*log((0.4513931*(1.365174+i0))))-i1))+exp((0.0715894*(log((0.4513931*(1.365174+i0)))*log((0.4513931*(1.365174+i0))))))))
