iteration,time,max_fitness,test_accuracy,previous_max_fitness,previous_test_accuracy,equation
0,2533.6492006778717,0.9428892,0.9432464,0.9362495,0.936523,o0 = <lambda>(((((sin((i0+sqrt(0.4011658)))*(sin((i0+sqrt(0.4011658)))*(((i1-0.9964041)+0.05050411)-0.9964041)))-(((i1-0.9964041)+0.05050411)-0.9964041))*(sin(0.9964041)-(sin((i0+sqrt(0.4011658)))*(((i1-0.9964041)+0.05050411)-0.9964041))))-(exp(sin((i0+sqrt(0.4011658))))*(sin((i0+sqrt(0.4011658)))*(((i1-0.9964041)+0.05050411)-0.9964041)))))
