iteration,time,max_fitness,test_accuracy,previous_max_fitness,previous_test_accuracy,equation
0,123.15137362480164,0.3064071,0.15076715,0.30571222,0.15279287,o0 = <lambda>(log(0.91*(-1.02*exp(-1.55*(0.92*(1.43*(0.16*(0.22*0.1-0.79*i1)-1.68*i1)--0.18*(-0.46*id(0.52*i0)*0.15*(0.22*0.1-0.79*i1)))*-0.99*(1.43*(0.16*(0.22*0.1-0.79*i1)-1.68*i1)--0.18*(-0.46*id(0.52*i0)*0.15*(0.22*0.1-0.79*i1)))))*-0.83*(-2.04*abs(0.75*(-1.75*(0.92*(1.43*(0.16*(0.22*0.1-0.79*i1)-1.68*i1)--0.18*(-0.46*id(0.52*i0)*0.15*(0.22*0.1-0.79*i1)))*-0.99*(1.43*(0.16*(0.22*0.1-0.79*i1)-1.68*i1)--0.18*(-0.46*id(0.52*i0)*0.15*(0.22*0.1-0.79*i1))))*-1.56*(0.16*(0.22*0.1-0.79*i1)-1.68*i1)))*1.22*(0.92*(1.43*(0.16*(0.22*0.1-0.79*i1)-1.68*i1)--0.18*(-0.46*id(0.52*i0)*0.15*(0.22*0.1-0.79*i1)))*-0.99*(1.43*(0.16*(0.22*0.1-0.79*i1)-1.68*i1)--0.18*(-0.46*id(0.52*i0)*0.15*(0.22*0.1-0.79*i1))))))))
