iteration,max_fitness,test_accuracy,time
0.0,-1.3113022e-06,-0.00018942356,0.0
1,-4.172325e-06,-0.00061905384,26.113675117492676
2,0.005308032,-0.04014492,23.872989892959595
3,0.23042125,0.20981026,25.115787744522095
4,0.26424253,0.20981026,26.299978733062744
5,0.23714322,0.20981026,25.528156280517578
