iteration,max_fitness,test_accuracy,time
0.0,-1.847744e-05,-0.00013506413,0.0
1,-5.9604645e-07,-0.00025701523,25.091004371643066
2,0.18252099,0.21707547,23.22600507736206
3,0.1800924,0.21791738,25.519120931625366
4,0.2538963,0.21707547,25.762964248657227
5,0.21620405,0.21791738,24.76999306678772
