iteration,time,max_fitness,test_accuracy,previous_max_fitness,previous_test_accuracy,equation
0,3557.052202939987,0.9007415,0.90261817,0.8227967,0.82504904,o0 = <lambda>((1.04*(1.16*(1.20*i2+1.02*(0.97*i0*0.91*(0.96*0.83098006*1.14*i1)))-0.98*(1.03*i7-0.85*(0.78*i6-0.96*(1.26*i3-0.77*i8))))-0.97*(1.01*cos(0.97*(0.99*0.83098006+0.91*i5))*0.93*i4)))
