iteration,time,max_fitness,test_accuracy,previous_max_fitness,previous_test_accuracy,equation
0,3599.3558616638184,0.9810237,0.9810014,0.97738296,0.9769365,o0 = <lambda>((0.95*(0.98*log(1.03*(0.99*sqrt(1.00*(0.95*i0-1.02*-0.7191))+0.97*sqrt(1.00*(0.95*i0-1.02*-0.7191))))*0.95*(0.97*i0-0.95*(0.99*sqrt(1.00*(0.95*i0-1.02*-0.7191))+0.97*sqrt(1.00*(0.95*i0-1.02*-0.7191)))))+1.00*(1.03*exp(0.98*sin(1.05*(0.95*i1+1.05*(1.06*(0.97*exp(0.99*0.1)-1.02*-0.024807215)*0.98*i1))))-1.04*abs(1.08*i1))))
