iteration,time,max_fitness,test_accuracy,previous_max_fitness,previous_test_accuracy,equation
0,3556.789626598358,0.98109984,0.98094517,0.92947793,0.9297925,o0 = <lambda>((1.69*cos(0.87*(0.97*(0.81*(1.10*(0.77*i0+0.79*-0.8877337)*0.96*(0.77*i0+0.79*-0.8877337))/0.91*(1.10*(0.77*i0+0.79*-0.8877337)*0.96*(0.77*i0+0.79*-0.8877337)))/1.08*log(1.33*(1.14*exp(0.98*i1)+1.15*(1.09*(0.81*(1.10*(0.77*i0+0.79*-0.8877337)*0.96*(0.77*i0+0.79*-0.8877337))/0.91*(1.10*(0.77*i0+0.79*-0.8877337)*0.96*(0.77*i0+0.79*-0.8877337)))-1.05*sin(1.21*i0))))))+1.36*cos(1.06*abs(1.06*(0.65*log(1.33*(1.14*exp(0.98*i1)+1.15*(1.09*(0.81*(1.10*(0.77*i0+0.79*-0.8877337)*0.96*(0.77*i0+0.79*-0.8877337))/0.91*(1.10*(0.77*i0+0.79*-0.8877337)*0.96*(0.77*i0+0.79*-0.8877337)))-1.05*sin(1.21*i0))))-1.34*(0.77*i0+0.79*-0.8877337))))))
