iteration,max_fitness,test_accuracy,time
0.0,0.114914,0.112719476,0.0
1,0.14556295,0.112719476,24.485117197036743
2,0.20419729,0.24631476,27.125391483306885
3,0.25203425,0.24631476,25.19283962249756
4,0.2609113,0.24631476,23.69563603401184
5,0.14850467,0.24631476,23.700095176696777
