iteration,time,max_fitness,test_accuracy,previous_max_fitness,previous_test_accuracy,equation
0,640.1518325805664,0.97624195,0.9761543,0.9728296,0.97278917,o0 = <lambda>((((0.68638617+sqrt(1.1097717))+(0.017139712/cos((i0-0.017139712))))-((log(((0.32475647-i2)+0.017139712))/(abs(0.017139712)-i1))*((log(((0.32475647-i2)+0.017139712))/(abs(0.017139712)-i1))+abs((log(((0.32475647-i2)+0.017139712))*cos(i1)))))))
