iteration,time,max_fitness,test_accuracy,previous_max_fitness,previous_test_accuracy,equation
0,659.2372994422913,0.8700441,0.8715627,0.857129,0.85880077,o0 = <lambda>((1.01*(1.01*(1.01*-0.26658678*1.01*i0)*1.01*(1.01*(1.01*(0.73*0.14117742+1.02*i4)*1.01*sin(1.01*-0.23290515))*1.01*(1.01*(0.97*i2-1.04*i3)*1.01*abs(1.01*-0.23290515))))*1.01*(0.96*i1+1.25*cos(1.11*log(1.52*i3)))))
