iteration,time,max_fitness,test_accuracy,previous_max_fitness,previous_test_accuracy,equation
0,658.0658600330353,0.8980672,0.8911414,0.87505877,0.87248695,o0 = <lambda>((1.01*(0.87*(0.87*(0.76*i4-1.11*(0.83*i0-1.23*i5))*0.87*log(0.85*abs(0.88*(0.99*1.0-0.98*i2))))+1.40*sin(0.97*(1.00*(1.00*i3+1.00*0.48885918)/0.97*(1.26*sqrt(1.26*abs(0.88*(0.99*1.0-0.98*i2)))-0.66*(0.99*1.0-0.98*i2)))))*1.01*(1.01*(1.01*1.0+1.01*0.1)*1.01*(1.01*i1*1.01*-0.18863773))))
