iteration,time,max_fitness,test_accuracy,previous_max_fitness,previous_test_accuracy,equation
0,12162.351998090744,0.969068,0.96813184,0.96904635,0.96813637,o0 = <lambda>((-2.24*(-0.90*0.8087859--1.19*i1)--1.18*(1.13*1.0*1.30*(1.58*(-0.96*log(0.36*i0)*1.55*0.9655633)-1.17*(1.03*cos(1.84*log(0.36*i0))*1.07*log(0.33*(-0.47*log(-0.13*(-0.90*0.8087859--1.19*i1))+-0.33*(0.48*i0+0.62*log(-0.13*(-0.90*0.8087859--1.19*i1))))))))))
