iteration,time,max_fitness,test_accuracy,previous_max_fitness,previous_test_accuracy,equation
0,662.8514497280121,0.8560221,0.85189104,0.8336156,0.82900786,o0 = <lambda>((0.93*(0.93*(0.96*log(0.99*(2.19*0.22546935-0.67*i2))-0.95*log(1.02*(0.67*i3-2.25*0.22546935)))*0.93*(0.92*log(1.06*i4)+1.06*0.1))*0.93*log(0.99*(1.50*0.17147803+0.95*i1))))
