iteration,time,max_fitness,test_accuracy,previous_max_fitness,previous_test_accuracy,equation
0,475.7453143596649,0.98406255,0.9734721,-60.300617,-57.095055,o0 = <lambda>((1.63*(1.53*exp(1.09*i3)*1.53*i1)+0.91*(0.91*(1.23*cos(1.00*(1.22*i2-0.69*0.2056737))+0.75*(0.74*cos(1.26*0.1)*0.75*exp(0.82*(0.67*0.53228855-1.31*0.1))))*0.91*(1.22*i2-0.69*0.2056737))))
