iteration,time,max_fitness,test_accuracy,previous_max_fitness,previous_test_accuracy,equation
0,309.7311294078827,0.982731,0.67536426,-2892927.8,-5579837.5,o0 = <lambda>((2.27*sin(1.10*i2)+0.09*(0.45*(0.88*exp(1.44*i1)+0.44*(0.50*(0.56*i2*0.56*(3.40*0.1-0.52*i0))+0.82*(0.80*exp(0.95*(0.95*sqrt(0.95*i2)*0.95*i4))-2.28*log(1.90*(0.56*i2*0.56*(3.40*0.1-0.52*i0))))))-0.81*(0.12*(0.35*i0+1.11*(1.11*(0.56*i2*0.56*(3.40*0.1-0.52*i0))*1.11*i3))+1.14*(1.85*i5-0.48*(0.98*exp(1.44*i1)-0.28*(0.35*i0+1.11*(1.11*(0.56*i2*0.56*(3.40*0.1-0.52*i0))*1.11*i3))))))))
