iteration,max_fitness,time,test_accuracy
0,-12.739439,0.0,-21.680822
1,-4.0900006,17.747377395629883,[-6.6349688]
2,0.9712313,34.48372793197632,[0.52272224]
3,0.9712313,19.191631078720093,[0.52272224]
4,0.9712313,18.373499393463135,[0.52272224]
