iteration,time,max_fitness,test_accuracy,previous_max_fitness,previous_test_accuracy,equation
0,1724.54771566391,0.9675023,0.8034474,-2887437.5,-5517233.5,o0 = <lambda>((0.58*sin(1.44*sqrt(0.92*(-0.25*(0.65*(1.74*i5-1.09*i0)+0.91*(0.27*exp(0.22*i1)*1.17*(0.90*i5+1.67*0.28632498)))-0.54*(0.64*i2-1.26*exp(0.80*(1.45*i4+0.42*i4))))))+0.04*(1.28*cos(1.97*0.28632498)/0.33*(0.37*(0.65*(1.74*i5-1.09*i0)+0.91*(0.27*exp(0.22*i1)*1.17*(0.90*i5+1.67*0.28632498)))+0.46*(0.42*(1.74*i5-1.09*i0)-1.38*(0.24*(0.64*i2-1.26*exp(0.80*(1.45*i4+0.42*i4)))-0.96*(1.74*i5-1.09*i0)))))))
